anime_norm_title,episodes,favorites,score,genres,total_views,production_cost,award,cr_award_winner
k,13.0,6863,7.42,"Action, Mystery, Supernatural",139327.0,100000.0,Not Award Winning,Not Crunchyroll Winner
no,11.0,7480,7.55,"Action, Drama, Psychological, Sci-Fi",85420.0,150000.0,Not Award Winning,Not Crunchyroll Winner
kon,13.0,24951,7.86,"Comedy, Music, Slice of Life",71879.0,100000.0,Not Award Winning,Not Crunchyroll Winner
days,12.0,8438,7.82,"Action, Drama, Psychological",154842.0,300000.0,Not Award Winning,Not Crunchyroll Winner
nana,47.0,33206,8.56,"Drama, Music, Romance, Slice of Life",141706.0,250000.0,Not Award Winning,Not Crunchyroll Winner
anor,12.0,18219,7.46,"Horror, Mystery, Psychological, Supernatural, Thriller",302111.0,100000.0,Not Award Winning,Not Crunchyroll Winner
flcl,6.0,32080,8.04,"Action, Comedy, Mecha, Sci-Fi",156864.0,200000.0,Not Award Winning,Not Crunchyroll Winner
keijo,12.0,1459,6.9,"Comedy, Ecchi, Sports",83986.0,250000.0,Not Award Winning,Not Crunchyroll Winner
fuuka,12.0,918,6.51,"Drama, Ecchi, Music, Romance",56009.0,300000.0,Not Award Winning,Not Crunchyroll Winner
given,11.0,17787,8.3,"Drama, Music, Romance, Slice of Life",170171.0,300000.0,Not Award Winning,Not Crunchyroll Winner
pluto,8.0,2928,8.45,"Action, Mystery, Psychological, Sci-Fi",57998.0,100000.0,Not Award Winning,Not Crunchyroll Winner
dfrag,12.0,2403,7.49,Comedy,71326.0,250000.0,Not Award Winning,Not Crunchyroll Winner
shiki,22.0,8730,7.72,"Horror, Mystery, Supernatural, Thriller",100959.0,250000.0,Not Award Winning,Not Crunchyroll Winner
bento,12.0,1200,7.18,"Action, Comedy, Ecchi",57162.0,150000.0,Not Award Winning,Not Crunchyroll Winner
bleach,366.0,79473,7.97,"Action, Adventure, Supernatural",348293.0,200000.0,Not Award Winning,Not Crunchyroll Winner
aoashi,24.0,3345,8.16,Sports,60300.0,200000.0,Not Award Winning,Not Crunchyroll Winner
btooom,12.0,3453,7.26,"Action, Psychological, Sci-Fi",131560.0,250000.0,Not Award Winning,Not Crunchyroll Winner
bloodc,12.0,1306,6.53,"Action, Horror, Mystery, Supernatural",76319.0,100000.0,Not Award Winning,Not Crunchyroll Winner
hyouka,22.0,27839,8.05,"Mystery, Romance, Slice of Life",273782.0,200000.0,Not Award Winning,Not Crunchyroll Winner
gamers,12.0,2239,6.73,"Comedy, Drama, Romance, Slice of Life",137754.0,200000.0,Not Award Winning,Not Crunchyroll Winner
dororo,24.0,22295,8.25,"Action, Adventure, Drama, Supernatural",279590.0,250000.0,Not Award Winning,Not Crunchyroll Winner
relife,13.0,10492,7.96,"Comedy, Drama, Romance, Slice of Life",192615.0,250000.0,Not Award Winning,Not Crunchyroll Winner
orange,13.0,7273,7.63,"Drama, Romance, Supernatural",184518.0,100000.0,Not Award Winning,Not Crunchyroll Winner
erased,12.0,50168,8.3,"Drama, Mystery, Psychological, Supernatural, Thriller",464012.0,100000.0,Not Award Winning,Not Crunchyroll Winner
trigun,26.0,16908,8.22,"Action, Adventure, Comedy, Drama, Sci-Fi",125922.0,100000.0,Not Award Winning,Not Crunchyroll Winner
naruto,220.0,83595,8.01,"Action, Adventure, Comedy, Drama, Fantasy, Supernatural",541456.0,300000.0,Not Award Winning,Not Crunchyroll Winner
citrus,12.0,4030,6.43,"Drama, Romance",115197.0,300000.0,Not Award Winning,Not Crunchyroll Winner
servamp,12.0,1336,6.87,"Action, Supernatural",55254.0,300000.0,Not Award Winning,Not Crunchyroll Winner
gintama,201.0,60661,8.93,"Action, Comedy, Drama, Sci-Fi",224296.0,200000.0,Not Award Winning,Not Crunchyroll Winner
nanbaka,13.0,2345,7.33,"Action, Comedy, Drama",69838.0,150000.0,Not Award Winning,Not Crunchyroll Winner
baccano,13.0,23553,8.35,"Action, Mystery, Supernatural",154003.0,150000.0,Not Award Winning,Not Crunchyroll Winner
monster,74.0,58262,8.89,"Drama, Horror, Mystery, Psychological, Thriller",229993.0,200000.0,Not Award Winning,Not Crunchyroll Winner
hundred,12.0,689,6.3,"Action, Ecchi, Mecha, Sci-Fi",63384.0,250000.0,Not Award Winning,Not Crunchyroll Winner
ahogirl,12.0,1181,6.71,"Comedy, Romance",102709.0,200000.0,Not Award Winning,Not Crunchyroll Winner
bakuman,25.0,9552,8.17,"Comedy, Drama, Romance, Slice of Life",52866.0,100000.0,Not Award Winning,Not Crunchyroll Winner
clannad,23.0,28168,7.99,"Comedy, Drama, Romance, Slice of Life, Supernatural",229288.0,100000.0,Not Award Winning,Not Crunchyroll Winner
gangsta,12.0,3988,7.42,"Action, Drama",107241.0,300000.0,Not Award Winning,Not Crunchyroll Winner
sekirei,12.0,1767,7.02,"Action, Comedy, Ecchi",59427.0,200000.0,Not Award Winning,Not Crunchyroll Winner
berserk,25.0,30104,8.6,"Action, Adventure, Drama, Fantasy, Horror, Supernatural",58116.0,300000.0,Not Award Winning,Not Crunchyroll Winner
chobits,26.0,4201,7.39,"Comedy, Drama, Ecchi, Romance, Sci-Fi",68818.0,100000.0,Not Award Winning,Not Crunchyroll Winner
odd taxi,13.0,8902,8.64,"Drama, Mystery, Psychological, Thriller",108098.0,250000.0,Award Winning,Not Crunchyroll Winner
durarara,24.0,30223,8.09,"Action, Mystery, Supernatural",232870.0,100000.0,Not Award Winning,Not Crunchyroll Winner
claymore,26.0,8714,7.73,"Action, Adventure, Fantasy, Horror",89511.0,300000.0,Not Award Winning,Not Crunchyroll Winner
mononoke,12.0,8913,8.41,"Fantasy, Horror, Mystery, Psychological, Supernatural",69780.0,150000.0,Not Award Winning,Not Crunchyroll Winner
horimiya,13.0,38405,8.19,"Comedy, Romance, Slice of Life",369169.0,250000.0,Not Award Winning,Not Crunchyroll Winner
fatezero,13.0,34126,8.27,"Action, Drama, Fantasy, Supernatural",273815.0,150000.0,Not Award Winning,Not Crunchyroll Winner
noragami,12.0,34107,7.94,"Action, Adventure, Comedy, Supernatural",65338.0,250000.0,Not Award Winning,Not Crunchyroll Winner
new game,12.0,2910,7.55,Slice of Life,62878.0,150000.0,Not Award Winning,Not Crunchyroll Winner
inuyasha,167.0,19539,7.87,"Action, Adventure, Comedy, Fantasy, Romance",134623.0,300000.0,Not Award Winning,Not Crunchyroll Winner
hellsing,13.0,6420,7.49,"Action, Horror, Supernatural",103446.0,300000.0,Not Award Winning,Not Crunchyroll Winner
toradora,25.0,57764,8.05,"Comedy, Drama, Romance, Slice of Life",421044.0,100000.0,Not Award Winning,Not Crunchyroll Winner
overlord,13.0,27766,7.9,"Action, Adventure, Fantasy",293697.0,250000.0,Not Award Winning,Not Crunchyroll Winner
mushishi,26.0,27761,8.65,"Adventure, Fantasy, Mystery, Psychological, Slice of Life, Supernatural",146706.0,250000.0,Not Award Winning,Not Crunchyroll Winner
dgrayman,103.0,13760,8.0,"Action, Adventure, Drama, Fantasy",91520.0,150000.0,Not Award Winning,Not Crunchyroll Winner
dr stone,24.0,30035,8.26,"Action, Adventure, Comedy, Sci-Fi",409359.0,150000.0,Not Award Winning,Not Crunchyroll Winner
noblesse,13.0,1280,6.9,"Action, Supernatural",74960.0,150000.0,Not Award Winning,Not Crunchyroll Winner
xxxholic,24.0,4740,7.97,"Comedy, Drama, Horror, Mystery, Psychological, Supernatural",53374.0,150000.0,Not Award Winning,Not Crunchyroll Winner
handakun,12.0,940,7.34,"Comedy, Slice of Life",60818.0,200000.0,Not Award Winning,Not Crunchyroll Winner
gleipnir,13.0,2011,6.95,"Action, Ecchi, Mystery, Supernatural",115368.0,250000.0,Not Award Winning,Not Crunchyroll Winner
drifters,12.0,4199,7.88,"Action, Adventure, Comedy, Fantasy",100981.0,200000.0,Not Award Winning,Not Crunchyroll Winner
kiznaiver,12.0,5180,7.36,"Drama, Romance, Sci-Fi",160028.0,200000.0,Not Award Winning,Not Crunchyroll Winner
sonny boy,12.0,8118,7.83,"Drama, Mystery, Psychological, Sci-Fi, Supernatural",91029.0,250000.0,Award Winning,Not Crunchyroll Winner
god eater,13.0,1957,7.18,"Action, Sci-Fi",90663.0,300000.0,Not Award Winning,Not Crunchyroll Winner
slam dunk,101.0,7802,8.55,"Comedy, Drama, Slice of Life, Sports",53744.0,300000.0,Not Award Winning,Not Crunchyroll Winner
plunderer,24.0,1613,6.65,"Action, Adventure, Comedy, Drama, Ecchi, Fantasy, Romance",97567.0,250000.0,Not Award Winning,Not Crunchyroll Winner
kakegurui,12.0,11302,7.22,"Drama, Mystery, Psychological",359006.0,200000.0,Not Award Winning,Not Crunchyroll Winner
blue lock,24.0,14063,8.17,"Action, Drama, Sports",200354.0,200000.0,Not Award Winning,Not Crunchyroll Winner
beelzebub,60.0,5448,7.84,"Action, Comedy, Supernatural",84597.0,100000.0,Not Award Winning,Not Crunchyroll Winner
barakamon,12.0,13237,8.37,Slice of Life,122545.0,150000.0,Not Award Winning,Not Crunchyroll Winner
charlotte,13.0,24432,7.75,"Comedy, Drama, Romance, Sci-Fi, Supernatural",324387.0,200000.0,Not Award Winning,Not Crunchyroll Winner
shirobako,24.0,6238,8.27,"Comedy, Drama, Slice of Life",93977.0,300000.0,Award Winning,Not Crunchyroll Winner
recreators,22.0,3694,7.55,"Action, Drama, Fantasy, Mecha, Thriller",106772.0,100000.0,Not Award Winning,Not Crunchyroll Winner
jormungand,12.0,3214,7.79,"Action, Adventure",66755.0,100000.0,Not Award Winning,Not Crunchyroll Winner
luckyâ˜†star,24.0,12923,7.75,"Comedy, Slice of Life",111482.0,100000.0,Not Award Winning,Not Crunchyroll Winner
ergo proxy,23.0,14352,7.9,"Adventure, Mystery, Psychological, Sci-Fi",115189.0,300000.0,Not Award Winning,Not Crunchyroll Winner
texhnolyze,22.0,5416,7.75,"Action, Drama, Psychological, Sci-Fi",60805.0,250000.0,Not Award Winning,Not Crunchyroll Winner
soul eater,51.0,28955,7.85,"Action, Adventure, Comedy, Fantasy",283304.0,150000.0,Not Award Winning,Not Crunchyroll Winner
fairy tail,175.0,47328,7.57,"Action, Adventure, Comedy, Fantasy",110802.0,100000.0,Not Award Winning,Not Crunchyroll Winner
mayo chiki,13.0,1895,7.21,"Comedy, Ecchi, Romance",80495.0,250000.0,Not Award Winning,Not Crunchyroll Winner
steinsgate,24.0,196685,9.07,"Drama, Psychological, Sci-Fi, Thriller",171205.0,100000.0,Not Award Winning,Not Crunchyroll Winner
mob psycho,12.0,51967,8.49,"Action, Comedy, Drama, Psychological, Slice of Life, Supernatural",463998.0,250000.0,Not Award Winning,Not Crunchyroll Winner
oshi no ko,11.0,30433,8.57,"Drama, Mystery, Psychological, Supernatural",198584.0,100000.0,Award Winning,Not Crunchyroll Winner
psychopass,22.0,39728,8.33,"Action, Sci-Fi",54796.0,200000.0,Not Award Winning,Not Crunchyroll Winner
amagami ss,25.0,2270,7.28,"Comedy, Romance, Slice of Life",68584.0,100000.0,Not Award Winning,Not Crunchyroll Winner
death note,37.0,180547,8.62,"Mystery, Psychological, Supernatural, Thriller",708493.0,100000.0,Not Award Winning,Not Crunchyroll Winner
edens zero,25.0,1966,7.26,"Action, Adventure, Comedy, Fantasy, Sci-Fi",68572.0,250000.0,Not Award Winning,Not Crunchyroll Winner
elfen lied,13.0,24611,7.46,"Action, Drama, Ecchi, Horror, Psychological, Romance, Supernatural",208859.0,300000.0,Not Award Winning,Not Crunchyroll Winner
yuri on ice,12.0,21184,7.9,"Sports, Comedy",285000.0,200000.0,Award Winning,Crunchyroll Award Winner
shaman king,64.0,3727,7.73,"Action, Adventure, Comedy, Supernatural",65345.0,150000.0,Not Award Winning,Not Crunchyroll Winner
golden time,24.0,13914,7.74,"Drama, Romance",197697.0,200000.0,Not Award Winning,Not Crunchyroll Winner
devils line,12.0,1781,6.83,"Action, Drama, Horror, Romance, Supernatural",66235.0,250000.0,Not Award Winning,Not Crunchyroll Winner
dragon ball,153.0,17304,7.98,"Action, Adventure, Comedy, Fantasy, Supernatural",171586.0,100000.0,Not Award Winning,Not Crunchyroll Winner
kakushigoto,12.0,2152,7.97,"Comedy, Slice of Life",88511.0,250000.0,Not Award Winning,Not Crunchyroll Winner
log horizon,25.0,10406,7.9,"Action, Adventure, Fantasy",185263.0,150000.0,Not Award Winning,Not Crunchyroll Winner
date a live,12.0,10147,7.14,"Action, Comedy, Ecchi, Fantasy, Mecha, Romance, Sci-Fi",186321.0,300000.0,Not Award Winning,Not Crunchyroll Winner
blue period,12.0,6547,7.79,"Drama, Slice of Life",115839.0,100000.0,Not Award Winning,Not Crunchyroll Winner
tokyo ghoul,12.0,51829,7.79,"Action, Drama, Horror, Mystery, Psychological, Supernatural",562670.0,150000.0,Not Award Winning,Not Crunchyroll Winner
accel world,24.0,3901,7.2,"Action, Romance, Sci-Fi",108143.0,250000.0,Not Award Winning,Not Crunchyroll Winner
bocchi rock,12.0,33808,8.75,"Comedy, Music, Slice of Life",154192.0,300000.0,Not Award Winning,Not Crunchyroll Winner
angel beats,13.0,49588,8.05,"Action, Comedy, Drama, Supernatural",353379.0,200000.0,Not Award Winning,Not Crunchyroll Winner
hinamatsuri,12.0,4638,8.12,"Comedy, Sci-Fi, Slice of Life, Supernatural",120002.0,250000.0,Not Award Winning,Not Crunchyroll Winner
banana fish,24.0,31454,8.45,"Action, Adventure, Drama, Psychological, Thriller",247151.0,300000.0,Not Award Winning,Not Crunchyroll Winner
chihayafuru,25.0,8226,8.18,"Drama, Romance, Slice of Life, Sports",98581.0,200000.0,Not Award Winning,Not Crunchyroll Winner
aldnoahzero,12.0,3651,7.38,"Action, Mecha, Sci-Fi",85959.0,200000.0,Not Award Winning,Not Crunchyroll Winner
b beginning,12.0,1420,7.15,"Action, Mystery, Psychological, Supernatural, Thriller",83792.0,200000.0,Not Award Winning,Not Crunchyroll Winner
ssssgridman,12.0,1401,7.13,"Action, Mecha, Sci-Fi",83699.0,100000.0,Award Winning,Not Crunchyroll Winner
dimension w,12.0,840,7.17,"Action, Sci-Fi",53981.0,150000.0,Not Award Winning,Not Crunchyroll Winner
engage kiss,13.0,1259,6.79,"Action, Comedy, Romance, Supernatural",60563.0,100000.0,Not Award Winning,Not Crunchyroll Winner
golden kamuy,12.0,4840,7.88,"Action, Adventure, Comedy",98624.0,300000.0,Not Award Winning,Not Crunchyroll Winner
katanagatari,12.0,10854,8.3,"Action, Adventure, Romance",109835.0,150000.0,Not Award Winning,Not Crunchyroll Winner
kemono jihen,12.0,2322,7.36,"Action, Drama, Mystery, Supernatural",97684.0,250000.0,Not Award Winning,Not Crunchyroll Winner
tokyo ravens,24.0,2066,7.4,"Action, Comedy, Supernatural",81202.0,300000.0,Not Award Winning,Not Crunchyroll Winner
black bullet,13.0,3815,7.07,"Action, Drama, Mystery, Sci-Fi",158558.0,300000.0,Not Award Winning,Not Crunchyroll Winner
cowboy bebop,26.0,86816,8.75,"Action, Adventure, Drama, Sci-Fi",353211.0,250000.0,Award Winning,Not Crunchyroll Winner
black clover,170.0,49276,8.14,"Action, Adventure, Comedy, Fantasy",419895.0,100000.0,Not Award Winning,Not Crunchyroll Winner
afro samurai,5.0,2051,7.37,"Action, Adventure",64081.0,100000.0,Not Award Winning,Not Crunchyroll Winner
flying witch,12.0,1371,7.5,"Slice of Life, Supernatural",60994.0,100000.0,Not Award Winning,Not Crunchyroll Winner
chainsaw man,12.0,51253,8.45,"Action, Drama, Horror, Supernatural",386679.0,250000.0,Not Award Winning,Not Crunchyroll Winner
strike blood,24.0,2231,7.01,"Action, Ecchi, Fantasy",103653.0,100000.0,Not Award Winning,Not Crunchyroll Winner
absolute duo,12.0,1564,6.41,"Action, Ecchi, Romance, Supernatural",95444.0,300000.0,Not Award Winning,Not Crunchyroll Winner
sakura trick,12.0,1518,6.94,"Comedy, Romance, Slice of Life",58044.0,200000.0,Not Award Winning,Not Crunchyroll Winner
kill la kill,24.0,38749,8.03,"Action, Comedy, Ecchi",326692.0,150000.0,Not Award Winning,Not Crunchyroll Winner
just because,12.0,1605,7.23,"Drama, Romance, Slice of Life",65972.0,150000.0,Not Award Winning,Not Crunchyroll Winner
darwins game,11.0,2686,7.21,"Action, Mystery, Sci-Fi, Thriller",134772.0,200000.0,Not Award Winning,Not Crunchyroll Winner
platinum end,24.0,2560,6.02,"Drama, Mystery, Psychological, Romance, Supernatural",102623.0,200000.0,Not Award Winning,Not Crunchyroll Winner
wind breaker,13.0,3310,7.74,"Action, Comedy, Drama",79663.0,200000.0,Not Award Winning,Not Crunchyroll Winner
guilty crown,22.0,17073,7.4,"Action, Drama, Mecha, Psychological, Romance, Sci-Fi",190861.0,250000.0,Not Award Winning,Not Crunchyroll Winner
vinland saga,24.0,18349,8.81,"Action, Adventure, Drama",162955.0,150000.0,Not Award Winning,Not Crunchyroll Winner
death parade,12.0,29270,8.13,"Drama, Mystery, Psychological, Supernatural, Thriller",367284.0,100000.0,Not Award Winning,Not Crunchyroll Winner
black lagoon,12.0,20022,8.03,"Action, Adventure, Drama, Thriller",182247.0,200000.0,Not Award Winning,Not Crunchyroll Winner
solo leveling,12.0,18746,8.25,"Action, Fantasy, Adventure",500000.0,300000.0,Not Award Winning,Crunchyroll Award Winner
made in abyss,13.0,46530,8.63,"Adventure, Drama, Fantasy, Horror, Mystery, Sci-Fi",302337.0,200000.0,Not Award Winning,Crunchyroll Award Winner
akame ga kill,24.0,30155,7.48,"Action, Adventure, Drama, Fantasy, Horror, Psychological, Thriller",411835.0,250000.0,Not Award Winning,Not Crunchyroll Winner
flip flappers,13.0,2189,7.62,"Action, Adventure, Comedy, Fantasy, Mahou Shoujo, Psychological, Sci-Fi",55685.0,300000.0,Not Award Winning,Not Crunchyroll Winner
dagashi kashi,12.0,1033,6.6,"Comedy, Slice of Life",93815.0,150000.0,Not Award Winning,Not Crunchyroll Winner
hi score girl,12.0,2980,7.75,"Comedy, Drama, Romance",58553.0,300000.0,Not Award Winning,Not Crunchyroll Winner
shadows house,13.0,2225,7.8,"Fantasy, Horror, Mystery, Slice of Life, Supernatural",78630.0,300000.0,Not Award Winning,Not Crunchyroll Winner
world trigger,73.0,3040,7.58,"Action, Sci-Fi",87474.0,200000.0,Not Award Winning,Not Crunchyroll Winner
fruits basket,13.0,20998,8.95,"Comedy, Drama, Psychological, Romance, Slice of Life, Supernatural",132559.0,250000.0,Not Award Winning,Not Crunchyroll Winner
knights magic,13.0,1076,7.07,"Action, Fantasy, Mecha",52265.0,150000.0,Not Award Winning,Not Crunchyroll Winner
tokyo ghoulre,12.0,4008,6.37,"Action, Horror, Mystery, Psychological, Supernatural",180194.0,200000.0,Not Award Winning,Not Crunchyroll Winner
trinity seven,12.0,3856,7.03,"Action, Comedy, Ecchi, Fantasy, Romance",150109.0,150000.0,Not Award Winning,Not Crunchyroll Winner
akudama drive,12.0,3948,7.57,"Action, Drama, Sci-Fi, Thriller",124969.0,250000.0,Not Award Winning,Not Crunchyroll Winner
sabikui bisco,12.0,1450,7.14,"Action, Adventure, Fantasy",63211.0,200000.0,Not Award Winning,Not Crunchyroll Winner
one punch man,12.0,65898,8.48,"Action, Comedy, Sci-Fi, Supernatural",587819.0,100000.0,Not Award Winning,Not Crunchyroll Winner
tamako market,12.0,1671,7.4,"Comedy, Slice of Life",102948.0,300000.0,Not Award Winning,Not Crunchyroll Winner
goblin slayer,12.0,7592,7.42,"Action, Adventure, Fantasy",228753.0,200000.0,Not Award Winning,Not Crunchyroll Winner
prison school,12.0,7848,7.59,"Comedy, Ecchi",185779.0,300000.0,Not Award Winning,Not Crunchyroll Winner
nisemonogatari,11.0,3930,8.13,"Comedy, Drama, Ecchi, Mystery, Psychological, Supernatural",152778.0,300000.0,Not Award Winning,Not Crunchyroll Winner
bakemonogatari,15.0,50359,8.32,"Comedy, Drama, Mystery, Psychological, Romance, Supernatural",266586.0,100000.0,Not Award Winning,Not Crunchyroll Winner
kaze no stigma,24.0,1970,7.15,"Action, Drama, Fantasy, Romance",59766.0,100000.0,Not Award Winning,Not Crunchyroll Winner
tomodachi game,12.0,4345,7.71,"Drama, Mystery, Psychological, Thriller",106181.0,200000.0,Not Award Winning,Not Crunchyroll Winner
carole tuesday,24.0,3064,7.84,"Drama, Music, Sci-Fi",85610.0,200000.0,Not Award Winning,Not Crunchyroll Winner
urusei yatsura,195.0,1309,7.71,"Comedy, Romance, Sci-Fi, Supernatural",55152.0,250000.0,Not Award Winning,Not Crunchyroll Winner
pandora hearts,25.0,5246,7.64,"Adventure, Fantasy, Supernatural",60152.0,200000.0,Not Award Winning,Not Crunchyroll Winner
little busters,26.0,1915,7.48,"Comedy, Drama, Slice of Life, Supernatural",57672.0,100000.0,Not Award Winning,Not Crunchyroll Winner
haibane renmei,13.0,8555,7.98,"Drama, Fantasy, Mystery, Psychological, Slice of Life",69033.0,300000.0,Not Award Winning,Not Crunchyroll Winner
isekai quartet,12.0,1043,7.37,"Comedy, Fantasy, Slice of Life",85923.0,150000.0,Not Award Winning,Not Crunchyroll Winner
hanamonogatari,5.0,1095,7.91,"Drama, Mystery, Psychological, Supernatural",100928.0,250000.0,Not Award Winning,Not Crunchyroll Winner
lycoris recoil,13.0,9397,8.15,"Action, Slice of Life",141749.0,200000.0,Not Award Winning,Not Crunchyroll Winner
non non biyori,12.0,6464,7.94,Slice of Life,99445.0,100000.0,Not Award Winning,Not Crunchyroll Winner
jujutsu kaisen,24.0,93814,8.54,"Action, Drama, Supernatural",677899.0,250000.0,Award Winning,Crunchyroll Award Winner
vampire knight,13.0,7371,6.84,"Drama, Mystery, Romance, Supernatural",80145.0,300000.0,Not Award Winning,Not Crunchyroll Winner
kokoro connect,13.0,7931,7.73,"Drama, Romance, Slice of Life, Supernatural",151186.0,200000.0,Not Award Winning,Not Crunchyroll Winner
fatestay night,24.0,7461,7.27,"Action, Fantasy, Romance, Supernatural",145009.0,100000.0,Not Award Winning,Not Crunchyroll Winner
romantic killer,12.0,3158,7.94,"Comedy, Romance",62059.0,200000.0,Not Award Winning,Not Crunchyroll Winner
owarimonogatari,12.0,2972,8.45,"Drama, Mystery, Psychological, Supernatural",105856.0,100000.0,Not Award Winning,Not Crunchyroll Winner
gabriel dropout,12.0,3156,7.43,"Comedy, Slice of Life, Supernatural",108106.0,100000.0,Not Award Winning,Not Crunchyroll Winner
tsukimonogatari,4.0,947,8.08,"Comedy, Ecchi, Mystery, Supernatural",99451.0,250000.0,Not Award Winning,Not Crunchyroll Winner
eromanga sensei,12.0,2760,6.32,"Comedy, Drama, Ecchi, Romance, Slice of Life",151944.0,200000.0,Not Award Winning,Not Crunchyroll Winner
tokyo magnitude,11.0,1792,8.0,Drama,60325.0,200000.0,Award Winning,Not Crunchyroll Winner
diabolik lovers,12.0,1857,5.18,"Drama, Horror, Romance, Supernatural",58840.0,250000.0,Not Award Winning,Not Crunchyroll Winner
high school dxd,12.0,23015,7.32,"Action, Comedy, Ecchi, Fantasy, Romance",234772.0,250000.0,Not Award Winning,Not Crunchyroll Winner
hunter x hunter,148.0,221664,9.03,"Action, Adventure, Fantasy",631894.0,150000.0,Not Award Winning,Not Crunchyroll Winner
attack on titan,25.0,181378,8.56,"Action, Drama, Fantasy, Mystery",778095.0,200000.0,Award Winning,Crunchyroll Award Winner
tokyo revengers,24.0,25286,7.85,"Action, Drama, Romance, Supernatural",340523.0,200000.0,Not Award Winning,Not Crunchyroll Winner
girls und panzer,12.0,5952,7.53,"Action, Sports",65068.0,150000.0,Not Award Winning,Not Crunchyroll Winner
outbreak company,12.0,919,7.16,"Comedy, Fantasy",67215.0,150000.0,Not Award Winning,Not Crunchyroll Winner
zombie land saga,12.0,3306,7.5,"Comedy, Music, Supernatural",124914.0,200000.0,Award Winning,Not Crunchyroll Winner
plastic memories,13.0,12484,7.91,"Drama, Romance, Sci-Fi, Slice of Life",198163.0,100000.0,Not Award Winning,Not Crunchyroll Winner
happy sugar life,12.0,2914,6.76,"Drama, Horror, Mystery, Psychological, Romance",80477.0,200000.0,Not Award Winning,Not Crunchyroll Winner
devilman crybaby,10.0,25388,7.74,"Action, Drama, Horror, Psychological, Supernatural",266483.0,200000.0,Not Award Winning,Crunchyroll Award Winner
full metal panic,24.0,4428,7.59,"Action, Comedy, Mecha, Sci-Fi",72623.0,200000.0,Not Award Winning,Not Crunchyroll Winner
sword art online,25.0,69926,7.22,"Action, Adventure, Fantasy, Romance",550087.0,150000.0,Not Award Winning,Not Crunchyroll Winner
my hero academia,13.0,53975,7.84,"Action, Adventure, Comedy",672551.0,200000.0,Not Award Winning,Not Crunchyroll Winner
koyomimonogatari,12.0,360,7.62,"Comedy, Mystery, Supernatural",70278.0,150000.0,Not Award Winning,Not Crunchyroll Winner
himouto umaruchan,12.0,4670,7.09,"Comedy, Slice of Life",138425.0,200000.0,Not Award Winning,Not Crunchyroll Winner
persona animation,25.0,2452,7.51,"Action, Fantasy, Supernatural",63888.0,250000.0,Not Award Winning,Not Crunchyroll Winner
violet evergarden,13.0,66259,8.68,"Drama, Fantasy, Slice of Life",142926.0,150000.0,Not Award Winning,Not Crunchyroll Winner
darling in franxx,24.0,33443,7.19,"Action, Drama, Mecha, Psychological, Romance, Sci-Fi",380425.0,150000.0,Not Award Winning,Not Crunchyroll Winner
your lie in april,22.0,88494,8.64,"Drama, Music, Romance, Slice of Life",464688.0,300000.0,Not Award Winning,Not Crunchyroll Winner
witch craft works,12.0,801,6.97,"Action, Fantasy, Supernatural",64500.0,150000.0,Not Award Winning,Not Crunchyroll Winner
digimon adventure,50.0,792,7.24,"Action, Adventure, Comedy, Drama, Fantasy, Sci-Fi",56816.0,150000.0,Not Award Winning,Not Crunchyroll Winner
mekakucity actors,12.0,3790,7.01,"Comedy, Romance, Sci-Fi, Supernatural",84955.0,300000.0,Not Award Winning,Not Crunchyroll Winner
cardcaptor sakura,70.0,14305,8.18,"Comedy, Drama, Fantasy, Mahou Shoujo, Romance",78907.0,300000.0,Not Award Winning,Not Crunchyroll Winner
hamatora animation,12.0,1095,7.24,"Comedy, Drama, Mystery",53333.0,150000.0,Not Award Winning,Not Crunchyroll Winner
deadman wonderland,12.0,7017,7.13,"Action, Horror, Sci-Fi",195372.0,250000.0,Not Award Winning,Not Crunchyroll Winner
promised neverland,12.0,32753,8.48,"Drama, Fantasy, Horror, Mystery, Psychological, Thriller",500983.0,100000.0,Not Award Winning,Not Crunchyroll Winner
god of high school,13.0,4255,7.07,"Action, Comedy, Supernatural",234829.0,200000.0,Not Award Winning,Not Crunchyroll Winner
ping pong animation,11.0,16856,8.62,"Drama, Psychological, Sports",96915.0,150000.0,Award Winning,Not Crunchyroll Winner
wonder egg priority,12.0,9292,7.55,"Action, Drama, Fantasy, Mystery, Psychological, Sci-Fi, Thriller",227165.0,200000.0,Not Award Winning,Not Crunchyroll Winner
fullmetal alchemist,51.0,26434,8.11,"Action, Adventure, Drama, Fantasy",543458.0,100000.0,Award Winning,Not Crunchyroll Winner
arakawa under bridge,13.0,2460,7.56,"Comedy, Romance",62583.0,250000.0,Not Award Winning,Not Crunchyroll Winner
amagi brilliant park,13.0,2755,7.45,"Comedy, Fantasy",130620.0,100000.0,Not Award Winning,Not Crunchyroll Winner
cyberpunk edgerunners,10.0,141,8.7,"Action, Drama, Psychological, Sci-Fi",209422.0,100000.0,Not Award Winning,Crunchyroll Award Winner
little witch academia,25.0,7954,7.8,"Comedy, Fantasy",83791.0,100000.0,Not Award Winning,Not Crunchyroll Winner
magi kingdom of magic,25.0,7740,8.2,"Action, Adventure, Fantasy",134729.0,200000.0,Not Award Winning,Not Crunchyroll Winner
dead mount death play,12.0,1253,7.27,"Action, Fantasy, Supernatural, Thriller",62566.0,150000.0,Not Award Winning,Not Crunchyroll Winner
isekai cheat magician,12.0,566,5.48,"Action, Adventure, Fantasy",72660.0,100000.0,Not Award Winning,Not Crunchyroll Winner
aharensan wa hakarenai,12.0,2343,7.28,"Comedy, Romance, Slice of Life",86795.0,250000.0,Not Award Winning,Not Crunchyroll Winner
magi labyrinth of magic,25.0,9449,8.01,"Action, Adventure, Fantasy",180125.0,200000.0,Not Award Winning,Not Crunchyroll Winner
serial experiments lain,13.0,31100,8.09,"Drama, Mystery, Psychological, Sci-Fi, Supernatural",175688.0,150000.0,Award Winning,Not Crunchyroll Winner
assassination classroom,22.0,30804,8.07,"Action, Comedy, Drama, Supernatural",483186.0,150000.0,Not Award Winning,Not Crunchyroll Winner
monogatari series second,26.0,23971,8.76,"Comedy, Drama, Mystery, Psychological, Romance, Supernatural",140177.0,300000.0,Not Award Winning,Not Crunchyroll Winner
love live school idol project,13.0,8159,7.4,"Music, Slice of Life",95914.0,300000.0,Not Award Winning,Not Crunchyroll Winner
demon slayer kimetsu no yaiba,26.0,93059,8.43,"Action, Fantasy, Supernatural, Historical",800000.0,150000.0,Award Winning,Crunchyroll Award Winner
panty stocking with garterbelt,13.0,6359,7.74,"Action, Comedy, Ecchi, Supernatural",79834.0,150000.0,Not Award Winning,Not Crunchyroll Winner
boruto naruto next generations,293.0,7406,5.99,"Action, Adventure, Fantasy",182095.0,300000.0,Not Award Winning,Not Crunchyroll Winner
